{
    "services": [
        {
            "serviceType": "Electricity",
            "description": "Electricity",
            "commands": null,
            "properties": [
			    {
                    "propertyName": "voltage",
                    "dataType": "double",
                    "required": true,
                    "min": 0,
                    "max": 3000,
                    "step": 0.1,
                    "maxLength": null,
                    "method": "RE",
                    "unit": "V",
                    "enumList": null
                }
			]
        }
    ]
}